1,42가지 마음의 색깔,"크리스티나 누녜스,폐레이라",05,01,02," / "
2,7년 동안의 잠,박완서,01,01,02," / "
3,가끔씩 비 오는 날,이가을,01,01,04,국어 4-1가 / 작은 것도 소홀히 지나치지 않고 삶의 진실을 담아낸 아름다운 이야기이다.
4,가방 들어주는 아이,고정욱,01,04,03,학년필독서 / 다리에 장애가 있는 영택이와 영택이의 가방을 들어주는 도우미가 된 석우의 갈등과 우정이야기다.
5,가을 운동회,임광희,01,01,01," / "
6,가을이네 장 담그기,이규희,01,01,04,"국어활동4-1~r~n전문 수록~r~n10단원 /  가을이네가 직접 심은 콩으로 장을 담그며 우리 음식과 가족의 수고에 대해 깨닫는 이야기이다. "
7,간송 선생님이 다시 찾은 우리 문화유산 이야기,한상남,09,01,05,국어5-2 나 ~r~n일부 수록 ~r~n7단원 /  일본으로부터 우리 문화유산과 국보를 지켜낸 간송전형필의 짧은 삶과 의지를 돌아볼 수 있게 한다.
8,갈매기에게 나는 법을 가르쳐준 고양이,루이스 세뿔베다,01,04,06,학년필독서 / 타르찌꺼기 때문에 죽음을 맞게 된 갈매기가 우연히 만난 고양이에게 자신의 자녀를 부탁하며 약속의 맹세를 하고 고양이는 명예를 지키기 위해 갈매기와의 약속을 지키려고 최선을 다한다.
9,감기 걸린 날,김동수,01,01,03," / "
10,강아지 복실이,한미호,01,01,01," / "
11,강아지똥,권정생,01,03,01," / "
12,개구리네 한솥밥,백석,01,02,02," / "
13,개구리와 두꺼비는 친구,아놀드 로벨,05,01,02," / "
14,개구쟁이 수달은 무얼 하며 놀까요?,왕입분,06,01,03,국어3-1 나~r~n일부 수록~r~n9단원 / 동식물에 대한 질문에 답을 하며 여러 상식을 알 수 있는 책이다.
15,개미와 베짱이,이솝,02,01,02," / "
16,개미와 비둘기/농부와 독수리,이솝,02,01,01," / "
17,거미,엘리즈 그라벨,08,02,02," / "
18,거상 김만덕,민병덕,09,01,05,국어5-1가 / 1739년 제주도에서 양인으로 태어났으나 살기 위해 기생이 되었다가 상인이 된다. 큰 상인으로 많은 돈을 벌었지만 제주도 사람들이 굶어죽을 큰 흉년이 들자 전재산을 쌀로 바꾸어 제주도민을 살렸다.
19,거인 부벨라와 지렁이 친구,조 프리드먼,01,01,03,국어3-2 가~r~n일부 수록~r~n1단원 / 외롭고 부끄럼을 많이 타던 거인 부벨라가 용감한 지렁이 친구를 만나서 재미있는 모험을 떠나는 이야기다.
20,거인의 정원,오스카 와일드,05,01,02," / "
21,견우 직녀,최은정,03,02,01," / "
22,경주 최부잣집은 어떻게 베풀었을까?,황혜진,09,01,04,국어4-1 가~r~n일부 수록~r~n1단원 / 300여 년(임진왜란~일제강점기) 동안 대를 이어 부를 이어 온 경주 최 부잣집의 가족사를 흥미롭게 풀어낸 책이다 .
23,고래를 그리는 아이,윤수천,01,01,04,"국어활동4-1 ~r~n전문 수록~r~n1단원~r~n /  겉보기에 작고 약한 사람어도 그 안에 들어있는 용기와 배려, 의지와 희망으로 세상을 따뜻하게 할 수 있음을 각 이야기의 주인동을 통해 알려준다."
24,고양이 목에 방울 달기,정하섭,02,01,02," / "
25,고정욱 선생님이 들려주는 장영실,고정욱,09,01,04,국어활동4-1~r~n일부 수록~r~n5단원~r~n /  조선의 과학자 장영실이 어떤 마음으로 뛰어난 발명품을 만들었는지를 알 수 있는 인물 이야기이다.
26,곤충들의 운동회,도쿠다 유키히사,06,02,01," / "
27,곰의 아이들,류화선,01,04,05,학년필독서 / 인류 문명이 본격적으로 출발하는 청동기 시대를 생생하게 재현하면서 인간과 자연의 갈등과 화해를 그려낸 장편동화이다.
28,곱구나! 우리 장신구,박세경,01,01,03,"국어 3-1 가~r~n그림, 일부 '01~r~n독서단원 / 우리나라의 장신구들을 그림과 사진, 글로 잘 알려주는 책이다."
29,교과서 속 세계명작- 피노키오,카를로 콜로디,02,01,04,국어활동4-1~r~n그림 수록~r~n4단원~r~n /  제페토 할아버지가 만든 나무 인형 ‘피노키오’가 다양한 경험과 모험을 통해 진짜 아이가 되는 작품이다.
30,구름놀이,한태희,01,01,01," / "
31,구름빵,백희나,01,02,01," / "
32,구멍난 벼루,배유안,09,01,06,국어6-2 가~r~n일부 수록~r~n1단원 / 소치 허련이 추사 김정희의 제자가 되기 위해 추사 김정희 옆에서 그림을 배우는 일화를 담고 있다.
33,구운몽,정영애,01,04,05,"학년필독서 / 인간의 부귀와 공명은 덧없는 것임을 깨닫고 꿈에서 깨어나, 팔선녀와 함께 불도에 정진하여 극락세계로 가는 등의 이야기이다."
34,국경을 넘어야 하나요?,타마르 베레트-제하비,01,01,03,"국어 3-2 나 ~r~n제목 '01 ~r~n7단원 / 전쟁으로 인해 조국을 떠날 수밖에 없었던 쌍둥이 차가이와 물루의 이야기다. "
35,귀신보다 더 무서워,허은순,01,01,03,국어활동 3-1~r~n전문 수록~r~n1단원 / 형제인 병만이와 동만이가 마당에서 키우는 삽살개 만만이를 귀신으로 오해하며 생긴 소동을 그리고 있다.
36,그래도 텔레비전 보러갈거야,양혜원,01,02,02," / "
37,그림으로 보는 세종대왕,김미애,11,01,05,국어5-1 나 ~r~n일부 수록 ~r~n9단원 /  조선 4대 임금으로 백성 사랑과 나라 발전 위해 다양한 문화를 꽃피운 세종대왕의 삶을 쉽고 재미있게 소개한다.
38,그림으로 보는 한국사 1,최종순,11,04,04,"학년필독서 / 선사 시대부터 우리 겨레의 첫 국가인 고조선과 주변의 여러 나라들, 그리고 고구려, 백제의 이야기이다."
39,그림으로 보는 한국사 2,황은희,11,04,04,"학년필독서 / 삼국 가운데 가장 늦게 발전해 삼국을 통일한 신라와 철의 왕국 가야, 화려한 문화를 꽃피운 최초의 통일 왕조 통일 신라의 이야기이다."
40,그림으로 보는 한국사 3,유재광,11,01,05,"사회 5-2 / 후고구려와 후백제, 신라로 나뉘어 있던 한반도를 다시 통일해 고려를 세운 왕건 이야기부터 신하들 사이의 권력 싸움과 주변 나라의 침입으로 쇠퇴의 길을 걷기까지 고려의 이야기이다."
41,금강산 호랑이,권정생,03,02,03," / "
42,금도끼 은도끼,이솝,02,01,02," / "
43,금을 버린 형제,우현옥,03,02,02," / "
44,기분을 말해 봐요,디디에 레비,05,01,02," / "
45,기찬 딸,김진완,01,01,04,국어활동4-2~r~n전문 수록~r~n9단원~r~n /  추운 겨울 날 기차에서 탄생한 엄마의 이야기를 통해 부모님에 대한 감사함과 그리움을 담은 동시에 옛 정취를 잘 나타낸 그림책이다.
46,긴긴 겨울잠에 폭 빠진 동물들,미셸 프란체스코니,01,02,02," / "
47,김구,이은규,09,02,02," / "
48,김득신,박선욱,01,01,05,국어5-2 나 ~r~n일부 수록 ~r~n5단원 /  많이 읽고 쓰기로 이름났던 정약용이 감탄한 최고의 조선 최고의 독서가 김득신이 사실은 총명과는 거리가 먼 노력왕이었다는 내용을 담고 있다.
49,김용택 선생님이 챙겨 주신 1학년 책가방 동화,김용택,01,01,02," / "
50,김유신,최경아,09,02,02," / "
51,김홍도의 풍속화로 배우는 옛 사람들의 삶,최석조,18,01,06,국어6-1 나~r~n그림 수록~r~n6단원 / 조선시대 화가 단원 김홍도의 <단원풍속화첩>에 들어 있는 그림을 하나하나 뜯어 당시 생활 모습을 상세하게 알려준다.
52,까만 아기 양,엘리자베스 쇼,01,01,02," / "
53,까만나라 노란추장,강무홍,09,02,02," / "
54,꺼벙이 억수,윤수천,01,03,02," / "
55,꺼벙이 억수랑 아나바다,윤수천,01,04,03,"학년필독서 / 주인공 억수와 친구들을 통해 아나바다를 알고, 아나바다가 환경에 얼마나 큰 도움이 되는지 알려준다."
56,"꼬레, 우리는 친구예요!",임영희,05,02,02," / "
57,꼬마 임금님의 전쟁놀이,미헬 스트라이히,01,02,01," / "
58,꼬물꼬물 땅속 작은 벌레,다시로 치사토,05,02,01," / "
59,꼬부랑 할머니,권정생,03,01,01," / "
60,꼴찌라도 괜찮아!,유계영,01,01,03,국어3-2나~r~n일부 수록~r~n6단원 / 운동이 싫은 기찬이가 운동회에서 이어달리기 주자가 된다. 기찬이는 꼴찌였지만 응원을 받고 열심히 달린다.
61,꽃신,윤아해,01,01,04,국어활동4-1~r~n전문 수록~r~n3단원~r~n /  거지소년 디딤이가 자신에게 꽃신을 벗어준 아가씨를 잊지 않고 갖바치가 되어 은혜를 갚는 이야기이다.
62,꿀독에 빠진 여우,안선모,01,01,01," / "
63,나눔으로 따듯한 세상을 만든 진짜 부자들,이향안,09,04,05,"학년필독서 / 자신의 신념에 따라 아름다운 기부를 실천한 진짜 부자들의 이야기이다. "
64,나는 3학년 2반 7번 애벌레,김원아,01,01,03," / "
65,나는 나의 주인,채인선,01,02,02," / "
66,나는 비단길로 간다,이현,11,01,06,"국어6-2 나~r~n일부 수록~r~n8단원 / 발해 상단의 딸인 홍라가 어머니의 실종으로 상단의 빚을 떠안게 되고, 빚을 갚기 위해 교역길에 오르는 이야기다."
67,나는 자라요,김희경,01,01,01," / "
68,나는 헬렌 켈러야,브래드 멜처,09,01,01," / "
69,나무 그늘을 산 총각,권규헌,04,01,04,국어4-1 가~r~n전문 수록~r~n2단원~r~n /  부자 영감이 나무 그늘에서 낮잠을 자고 있는 총각을 내쫓으려다 총각의 잔꾀에 도리어 골탕을 먹게 되는 이야기이다.
70,나무늘보가 사는 숲에서,아누크 부아로베르,01,01,01," / "
71,나무늘보니까,무라카미 히토미,01,02,01," / "
72,나무들이 재잘거리는 숲 이야기,김남길,06,01,02," / "
73,나쁜 어린이표,황선미,01,04,03,학년필독서 / 건우는 뜻하지 않게 계속 나쁜 어린이 표를 받게 되고 선생님을 미워한다. 선생과 제자의 오해는 날로 쌓여가고 마지막에 서로를 이해하며 갈등이 해결된다.
74,나와 조금 다를 뿐이야,이금이,01,04,05,학년필독서 / 영무와 수아를 통해 나와 다른 사람의 모습을 인정하고 받아들이는 것이 삶에서 얼마나 중요한지 일깨워주는 이야기이다.
75,나의 개 보드리,헤디 프리드,01,02,02," / "
76,나의 라임 오렌지 나무,J. M. 데 바스콘셀로스,01,04,05,학년필독서 / 너무도 일찍 슬픔을 발견한 다섯 살 꼬마 제제와 라임오렌지나무 밍기뉴의 아름답고도 가슴 저미는 이야기이다.
77,난 모기에 물리지 않아!,펜드레드 노이스,01,04,06,학년필독서 / ‘모기에 저항력을 지닌 특이 체질’이 존재한다는 의학적 상상력을 바탕으로 쓴 소설이다.
78,난민 소녀 리도희,박경희,01,04,06,학년필독서 / 안정된 삶을 찾아 고향을 떠난 다양한 탈북 난민들의 이야기이다.
79,날아라! 포장마차,송방순,01,02,03," / "
80,남극에서 날아온 펭귄의 모험,유재영,01,04,03,학년필독서 / 남극에 사는 남매펭귄 붕과 숭은 오염되고 있는 남극을 떠나 살기 좋은 보금자리를 찾아 나선다.
81,남몰래 거울,백혜영,01,04,04,학년필독서 / 아홉살 하늘이가 남겨진 사람만큼 떠난 사람도 슬프고 아파할 수 있다는 사실을 받아들이고 조금 더 성장하는 이야기이다.
82,"남자, 여자 할 일이 따로 정해져 있을까요?",나카야마 치나츠,01,02,01," / "
83,내 꿈은 개그맨,리오 랜드리,01,02,03," / "
84,내 꿈은 방울토마토 엄마,허윤,01,01,02," / "
85,내 안에는 사자가 있어 너는?,가브리엘레 클리마,01,02,01," / "
86,내 친구가 사는 곳이 궁금해,김향금,01,02,02," / "
87,내가 그린 히말라야시다 그림,성석제,01,04,06,학년필독서 / 유명화가인 백선규의 비밀스런 과거와 그와 그림으로 연결되어 있는 0의 이야기다.
88,내가 도와줄게,테드 오닐&제니 오닐,01,01,02," / "
89,내가 조금 불편하면 세상은 초록이 돼요,김소희,01,01,02," / "
90,"냄새 값, 소리 값",이미영,03,01,02," / "
91,너는 특별하단다,맥스 루케이도,01,04,03,학년필독서 / 펀치넬로가 앨리 아저씨를 만나 자신이 특별하다고 생각하게 된 이야기이다.
92,너도 하늘말나리야,이금이,01,04,06,"학년필독서 / 가정의 결손을 겪은 미르, 소희, 바우가 자신의 상처를 드러내고 같이 치유하는 과정을 담았다."
93,넬슨 만델라,두레아이들,09,04,05,학년필독서 / 340여 년 동안 인종분리정책(아파르트헤이트)으로 멍든 남아프리카공화국에서 자유와 민주주의를 실현한 만델라의 삶에 대한 이야기를 담았다.
94,노인과 바다,어니스트 허밍웨이,02,04,05,"학년필독서 / 쿠바해협에서 거대한 물고기를 잡지만, 그 물고기를 상어에게 뜯어 먹히게 되는 한 노인에 대한 단순한 이야기이다."
95,노잣돈 갚기 프로젝트,김진희,01,04,05,학년필독서 /  죽은 지 49일 만에 노잣돈을 갚으면 다시 살아날 방법이 있다는 것을 알게 된 동우가 노잣돈을 갚으며 타인을 이해하게 된다는 내용이다.
96,눈치보지마,지우시 콰렝기,01,02,02," / "
97,늑대가 들려주는 아기돼지 삼형제 이야기,"존 셰스카 ",01,01,04,국어 4-2 가 / 아기 돼지 삼형제 이야기를 각색하여 늑대의 관점에서 내용을 다룬 이야기이다.
98,늑대와 일곱 마리 아기염소,그림형제,02,03,01," / "
99,늑대할머니,에드 영,01,02,02," / "
100,늘보씨 집을 나서다,김준철,01,02,01," / "
101,니 꿈은 뭐이가?,박정은,09,04,03,"학년필독서 / 독립운동가로서, 비행사로서, 그리고 여성으로서 항상 뜨겁게 살았던 권기옥의 이야기이다."
102,단군 신화,이형구,03,01,01," / "
103,단군 이야기,한진아,03,02,01," / "
104,달샤베트,백희나,01,02,01," / "
105,달콩이네 떡집,김리리,01,02,03," / "
106,달팽이 화가 마티스,팀 홉굿,01,02,01," / "
107,당나귀를 팔러가는 아버지와 아들,이솝연구회,02,01,04,국어 4-2 나~r~n일부 수록 /  아버지와 아들이 당나귀를 팔러 시장에 가다가 다른 사람들의 참견에 결국 당나귀를 놓치게 된다.
108,도깨비 방망이,김향금,03,03,01," / "
109,도서관에 간 사자,미셸 누드슨,05,02,01," / "
110,도서관에서 처음 책을 빌렸어요,알렉산더 스테들러,05,02,02," / "
111,도토리 삼형제의 안녕하세요,이송현,01,01,01," / "
112,돈키호테,세르반테스,02,04,05,학년필독서 / 기사 소설을 너무 많이 읽어 자신이 진짜 기사라고 착각한 한 시골 귀족이 종자와 함께 편력 여행을 하면서 겪게 되는 우스꽝스런 모험을 그린 이야기이다.
113,돌아온 진돗개 백구,송재찬,01,04,06,학년필독서 / 형편이 안좋은 서영이는 백구를 도시에 팔게 된다. 하지만 백구는 그 집에 적응하지 못하고 서영이를 찾아 길을 떠난다.
114,두근두근 탐험대1,김홍모,01,01,04,"국어 4-1 나 / 용의 나라, 소인국, 만화 주인공들의 나라, 도깨비 나라, 날마다 시험 보는 나라를 거쳐 다시 집으로 돌아오기까지, 아이들이 저마다 가진 문제와 아픔을 당당하고 즐겁게 엮은 이야기이다."
115,두루두루 창조이야기,김정연,11,04,05,학년필독서 /  세계의 시작과 인간의 탄생을 다룬 17개의 신화를 담고 있는 책이다.
116,딴 생각하지 말고 귀 기울여 들어요,서보현,01,01,01," / "
117,땅은 엄마야,이금이,01,04,03,학년필독서 / 환경오염 등으로 아파하는 생명을 엄마처럼 따뜻하게 감싸주고 어루만져주는 이야기이다.
118,또박또박 반갑게 인사해요,안미연,01,02,01," / "
119,"똑똑, 저는 이웃이에요",로시오 보니아,01,02,02," / "
120,라푼젤,그림형제,02,03,01," / "
121,레미제라블,빅토르 위고,02,04,06,학년필독서 / 장 발장이 빵을 훔치다 붙잡히고 오랜 감옥살이 끝에 석방된다. 이후 주교의 도움으로 새 삶을 살기로 결심하고 많은 사람들을 돕는다.
122,레이첼 카슨,진저 워즈워스,09,01,06,국어6-1 가~r~n제목 수록~r~n독서 단원 / 오늘날의 생태환경운동을 이끈  레이첼 카슨의 일대기다.
123,로빈 후드의 모험,조지프 워커 맥스페이든,01,01,05,국어5-2 가 ~r~n일부 수록 ~r~n독서 단원 /  아버지에게 누명을 씌운 원수를 죽인 후 숲 속에서 숨어지내게 된 귀족의 후예 로빈이 부패한 귀족들의 재물을 훔치고 가난한 사람을 돕는 의적의 삶을 살았다는 이야기이다.
124,로자 파크스,리즈베스 카이저,09,02,01," / "
125,리디아의 정원,사라 스튜어트,05,03,01," / "
126,린 할머니의 복숭아 나무,팅무니우,01,02,01," / "
127,마당을 나온 암탉,황선미,01,01,03,"국어3-2 가~r~n그림 수록~r~n1단원 / 평생 양계장에서 알만 낳던 닭, 잎싹이 마당을 나와 여러 모험을 하며 청둥오리를 기르는 이야기다."
128,마당을 나온 암탉,황선미,01,04,05,학년필독서 /  난용종 닭이지만 스스로 이름을 짓고 야생 청둥오리를 키워낸 강인한 암탉 잎싹의 숭고한 삶을 담아낸 이야기이다.
129,마더 테레사,이사벨 산체스 베가라,09,02,01," / "
130,마리퀴리,이사벨 산체스 베가라,09,02,01," / "
131,마법의 설탕 두 조각,미하엘 엔데,01,02,03," / "
132,마법의 손 장영실,김미혜,09,02,02," / "
133,마사코의 질문,손연자,01,04,06,학년필독서 / 일제 강점기에 우리 민족이 겪은 고난과 잔인한 일본에 대한 9가지 이야기가 들어 있다.
134,마음이 그랬어,박진아,01,02,02," / "
135,마틴 루서 킹,이사벨 산체스 베가라,09,02,01," / "
136,마틸다,마틸다,01,04,05,학년필독서 /  책 읽기 좋아하는 5세 천재 소녀 마틸다가 자신에게 생긴 초능력으로 나쁜 어른들을 혼내주는 통쾌한 내용이다.
137,마하트마 간디,이사벨 산체스 베가라,09,02,02," / "
138,만복이네 떡 집,김리리,01,01,03,국어3-1 나~r~n일부~r~n10단원 / 예의가 없고 친구들과 다툼이 잦은 만복이가 신비한 떡집에서 행동을 고치는 떡을 먹고 개과천선하는 이야기다.
139,말대꾸하면 안 돼요?,배봉기,01,01,06,"국어 6-1 가 / 5편의 동극을 수록하고 있는 동극집이며, 무대설명, 무대지시, 지문, 대사, 노래 등이 어우러진 이야기이다."
140,매일매일 힘을 주는 말,박은정,31,01,04,"국어 4-2 가 / ‘안녕’, ‘잘 가’, ‘고마워’ 같이 흔히 쓰는 인사말과 ‘행복해’, ‘사랑해’처럼 감정을 표현하는 말들을 그림과 글로 엮은 이야기이다."
141,맨 처음 우리나라 고조선,이현,11,04,03,학년필독서 / 5천 년 우리 역사를 옛이야기로 만나볼 수 있다.
142,"멋져 부러, 세발 자전거",김남중,01,01,04," 국어4-1 가~r~n일부 수록~r~n독서 단원 /  시골 할아버지 댁에서 심심하게 지내던 기림이가 삼촌을 통해 자전거를 배우고, 특별한 자전거 대회에 참여하게 되는 이야기이다."
143,멋진 사냥꾼 잠자리,안은영,06,01,04,국어활동4-2~r~n일부 수록~r~n7단원 /  뛰어난 시력과 놀라운 비행기술 등 사냥꾼 잠자리가 가진 능력을 세밀하고 쉽게 알려주는 그림책이다.
144,메밀꽃 필 무렵,이효석,28,04,06,"학년필독서 / 장돌뱅이로 살아가는 허생원이 젊은 장돌뱅이 동이와 가까워지면서 같이 대화 장터로 가는 이야기다. "
145,멸치 대왕의 꿈,이월,01,01,04,"국어4-2 나~r~n일부 수록~r~n9단원 /  멸치 대왕이 꾼 꿈을 해몽하는 과정을 통해 물고기들의 생김새에 대한 유래를 재밌게 담아 낸 그림책이다.  "
146,모차르트,해리엇 캐스터,09,03,02," / "
147,"몰라쟁이 엄마 ",이태준,01,01,01," / "
148,몽실언니,권정생,01,01,05,"국어5-1 가 ~r~n일부 수록 ~r~n독서 단원 /  전쟁으로 먹고 살기 힘든 시절, 분열과 갈등, 온갖 고통 속에서도 가족을 보듬어 낸 몽실이의 삶에 대한 이야기이다."
149,무조건 내 말이 맞아,임근희,01,01,03,국어3-2 나~r~n제목 수록~r~n7단원 / 타인의 말을 듣지 않고 자신의 주장만 고집하는 동기가 작가님을 만나면서 자신의 행동을 돌아보고 타인의 의견에 집중하게 된다.
150,무지개 물고기,마르쿠스 피스터,05,03,01," / "
151,무지개도시를 만드는 초록 슈퍼맨,김영숙,33,01,04,국어 4-1 가 / 시민의 힘으로 세상을 바꾼 위대한 이야기이다.
152,무툴라는 못 말려!,베벌리 나이두,01,01,03,국어 3-2 나~r~n일부 '01~r~n9단원 / 꾀 많은 산토끼 무툴라와 다양한 동물들의 이야기가 담긴 에피소드 형식의 책이다.
153,"미래가 온다, 로봇","김성화,권수진",19,01,06,"국어6-1 나~r~n제목 수록~r~n독서 단원 / 미래의 핵심 기술인 로봇을 낱낱이 파헤치는 책이다. "
154,미세먼지 이야기,박선희,06,04,06,학년필독서 / 미세먼지 이슈를 4가지 이야기로 풀어냈다.
155,미운 아기 오리,안데르센,02,01,01," / "
156,미카의 왼손,나카가와 히로노리,01,02,02," / "
157,바람 부는 날,정순희,01,01,02," / "
158,바람소리 물소리 자연을 닮은 우리 악기,청동말굽,24,01,05,국어5-1 나 ~r~n일부 수록 ~r~n8단원 /  전통악기에 쓰인 8가지 자연 재료와 각 악기 소리의 특징을 쉽게 설명한 그림책이다.
159,바삭바삭 갈매기,전민걸,01,01,03,국어3-1 가~r~n전문 수록~r~n1단원 / 갈매기가 사람들이 주는 과자를 먹고 본래의 식성을 버린다. 이후 인가 근처에서 날지도 못하고 과자만 먹는 새를 보고 충격을 받아 바다로 날아간다.
160,바위나리와 아기별,마해송,01,01,03,"국어활동3-1~r~n전문 수록~r~n10단원~r~n,국어3-2 나~r~n제목 수록~r~n7단원 / 바닷가에 홀로 핀 바위나리와 하늘의 아기별이 친구가 된다. 아기별은 바위나리를 보려다 하늘의 규칙을 어겨 하늘에서 쫓겨나게 된다."
161,박상구의 좋은 점 찾기,신채연,01,04,03,학년필독서 / 동갑내기 삼촌으로 인해 펼쳐지는 좌충우돌 우정 이야기이다.
162,받은 편지함,남찬숙,01,04,05,"학년필독서 /  병으로 돌아가신 엄마의 빈자리를 서로 챙기며 꿋꿋하게 지내는 순남이의 가족과 친구, 이웃, 작가 선생님이 나누는  아름다운 우정 이야기이다."
163,발가락,이보나 흐미엘레프스카,01,01,01," / "
164,발레 하는 할아버지,신원미,01,02,02," / "
165,발명왕은 나야나,바바라 에샴,01,02,01," / "
166,밤티 마을 봄이네 집,이금이,01,04,04," 학년필독서 /  막내 봄이가 태어난 후 영미의 심술과 고추농사, 할아버지 가출 등의 크고 작은 어려움을 겪지만 가족들은  사랑으로 이를 이겨 낸다."
167,밤티 마을 영미네 집,이금이,01,04,04," 학년필독서 /  영미는 팥쥐 엄마가 새엄마인 것을 알고 투정을 부리지만 결국 따뜻한 정을 느끼며 받아들이게 되는 이야기이다."
168,밤티 마을 큰돌이네 집,이금이,01,04,04," 학년필독서 /  집을 떠난 엄마가 그리운 대석이는 동생을 입양 보내고 새로운 엄마를 맞이하지만 영미와 다시 만나게 되는 과정을 보여준다. "
169,방귀 시합,김향금,03,01,02," / "
170,배고픈 애벌레,에릭 칼,01,02,01," / "
171,백두산 이야기,류재수,01,01,04,국어 4-2 나 / 백두산의 탄생 설화를 모티브로 우리 민족의 삶과 정체성을 담은 이야기이다.
172,백설 공주,그림형제,02,01,01," / "
173,벌거벗은 임금님,안데르센,02,03,01," / "
174,베토벤,김정은,09,02,02," / "
175,별 헤는 아이 윤동주,우현옥,09,03,02," / "
176,별별 우주 이야기,정창훈,19,01,04,"국어 4-2 가 / 초등학생이 알아야 할 기본적인 천문학 지식을 우리나라 전문가가 소개하는 이야기이다. "
177,별을 삼킨 괴물,민트래빗 플래닝,01,01,01," / "
178,별주부전,김해원,04,01,03,국어3-2 나~r~n표지 '01~r~n9단원 / 병든 용왕을 살리기 위해 토끼의 간을 가져와야 하는 자라와 기발한 꾀를 내어 자신을 지키는 토끼의 이야기다.
179,별주부전,박숙희,01,01,06,국어 6-1 나 / 자라의 충심과 토끼의 기지로 서로 속고 속이는 재미가 있는 이야기이다.
180,본받아야 할 우리 예절,우리누리,30,04,04,"학년필독서 / 어린이들이 꼭 알아야 하고, 반드시 지켜야 할 우리 전통 예절에 대한 이야기이다."
181,봄봄,다림,28,04,06,학년필독서 / 점순이의 키가 자라면 결혼을 시켜주겠다는 말을 믿고 데릴사위 노릇(무일푼 머슴 노릇)을 하고 있는 ‘나’의 이야기다.
182,불똥 할머니의 요술 보퉁이,이미애,01,01,02," / "
183,붉은 여우 아저씨,송정화,01,01,01," / "
184,브레멘 음악대,그림형제,02,02,01," / "
185,비무장 지대에 봄이 오면,이억배,01,04,03,학년필독서 / 비무장지대의 자연과 사람의 이야기이다.
186,빡빡머리 앤,고정욱 저 외 5명,01,04,06,학년필독서 / 주인공들이 여성으로서 자신의 내면에 귀를 기울이고 진정으로 꿈꾸는 것을 이루기 위해 달려 나가는 각각의 ‘나’들의 이야기이다.
187,빨간 머리 앤,루시 모드 몽고메리,02,02,03," / "
188,빨간 모자,그림형제,02,01,02," / "
189,빨간 부채 파란 부채,한진아,03,01,01," / "
190,빼앗긴 오월,장우,01,04,06,학년필독서 / 광주 근교에서 순박하게 살아가던 이들의 비극적인 가족사를 담은 이야기이다.
191,"사라, 버스를 타다",윌리엄 밀러,01,01,04,국어4-2 가~r~n전문 수록~r~n4단원 /  버스에서 받는 차별에 용기 있게 행동한 사라가 결국 잘못된 법을 바꾸게 된다. 미국 인종차별의 역사적 사건을 그림책으로 엮었다.
192,살색은 다 달라요,캐런 카츠,05,02,02," / "
193,삼국사기,김부식,04,01,05,"국어5-1 나 제목수록 9단원 /  삼국의 역사 연대에 따른 주요 인물의 일화를 소개하는 책이다. "
194,삼국유사,일연,04,04,05,"학년필독서 /  삼국유사보다 늦게 엮여졌으나 단군신화와 같은 우리민족의 뿌리와 전통을 담은 이야기가 많은 책이다. "
195,색깔 속에 숨은 세상 이야기,"박영란, 최우성",18,01,05,"국어5-1 가 ~r~n일부 수록 ~r~n3단원 /  색깔의 탄생부터 과거와 현대의 색이 가지는 상징성과 표현 등을 살펴보며 생활 속에 깃든 색의 이야기를 알려준다. "
196,샘마을 몽당깨비,황선미,01,01,06,국어6-1 나~r~n일부 수록~r~n8단원 / 삼백 년 동안 은행나무 뿌리에 갇혀 있던 몽당깨비가 도시개발에 의해 나타나면서 일어나는 일을 그리고 있다.
197,생각 깨우기,이어령,21,01,06,"국어6-2 가~r~n일부 수록~r~n3단원 / 위인, 재미있는 이야기, 일상생활 속 의문들을 통해 생각을 되짚어 깨운다. "
198,생각하는 힘을 키우는 철학이야기," 페테르 엑베리",21,04,05,"추천도서 / 세계 역사 속 다양한 철학자들이 인간과 존재, 사회에 대해 이야기한 사실들을 그림과 함께 쉽게 풀어낸 책이다."
199,"생명, 알면 사랑하게 되지요",최재천,30,01,04,국어 4-1 가 / 선생님이 동물원과 반려동물을 키우는 자세 등의 생명에 대한 가르침을 주는 이야기이다.
200,생명윤리논쟁,장성익,30,04,06,"학년필독서 / 유전자 변형 먹거리(GMO), 생명 복제, 줄기세포, 장기 이식, 안락사, 동물 실험 등 요즘 논란이 되고 있는 생명 윤리에 관한 논쟁을 담은 이야기이다."
201,생쥐와 고래,윌리엄 스타이그,05,03,02," / "
202,생태통로,김황,06,02,02," / "
203,샬롯의 거미줄,엘윈 브룩스 화이트,01,04,05,학년필독서 /  무녀리로 태어난 돼지 윌버가 회색거미 샬롯을 비롯한 농장의 식구들과 나누는 우정과 삶의 이야기를 들려준다.
204,선덕여왕,남찬숙,09,01,02," / "
205,"선생님, 바보 의사 선생님",이상희,09,01,02," / "
206,선생님과 함께 읽는 동백꽃,전국국어교사모임,28,04,06,학년필독서 / 마름집 딸인 점순이와 소작농의 아들인 ‘나’의 우정과 사랑이야기다.
207,선생님과 함께 읽는 사랑손님과 어머니,전국국어교사모임,28,04,06,학년필독서 / 순수한 어린이 옥희의 시점으로 어머니와 아저씨의 관계를 바라본다.
208,선생님과 함께 읽는 수난 이대,전국국어교사모임,28,04,06,학년필독서 / 징용에 끌려갔다 왼팔을 잃은 박만도가 6.25전쟁에서 한 쪽 다리를 잃고 돌아온 아들 진수를 업고 집으로 돌아오는 이야기다.
209,섬소년,이정아,01,04,05,"학년필독서 /  장애인의 노동 착취 시설임이 들통 난후 아버지는 감옥에, 어머니는 섬을 떠나 홀로 섬에 남은 용태의 외로운 하루가 과거에 있었던 사건과 교차되며 서술되는 그림책이다."
210,성냥팔이 소녀,안데르센,02,02,01," / "
211,세계를 움직이는 국제기구,박동석,18,04,06,학년필독서 / 세계 곳곳에서 일어나는 심각한 갈등이나 문제를 조정하기 위해 만들어진 국제기구들의 역할을 살펴본댜.
212,세계시민수업 환경 정의,장성익,32,04,05,"학년필독서 / 인간과 자연, 사회를 아우르는 관점에서 세계 곳곳에서 일어나는 환경 문제를 정의하는 이야기이다."
213,세상을 돌고 도는 놀라운 물의 여행,맬컴 로즈,19,01,03,국어3-1 가~r~n일부 수록~r~n5단원 / 물에 대한 기초적인 지식부터 어른들도 접하기 힘들었던 상하수도의 구조까지 다양한 물의 이야기가 들어있다.
214,세상을 밝힌 천사 플로렌스 나이팅게일,심윤정,09,03,02," / "
215,세종대왕,김선희,09,01,01," / "
216,"세종대왕, 세계 최고의 문자를 발명하다",이은서,09,01,04,국어4-1 나~r~n일부 수록~r~n9단원 /  어린 시절 책벌레로 유명했던 세종이 22세에 조선의 네 번째 임금이 되어 훈민정음을 만들기까지의 이야기를 담고 있다.
217,셰익스피어 4대 비극,셰익스피어,02,04,06,"학년필독서 / 딸의 진심을 몰라보고 스스로 비극을 자초한 어리석은 리어왕, '죽느냐, 사느냐 그것이 문제로다'의 주인공 햄릿 등 흥미진진하면서도 무게감 있는 이야기이다."
218,소가 된 게으름뱅이,한은선,03,01,02," / "
219,소금을 만드는 맷돌,홍윤희,03,01,01," / "
220,소나기,황순원,28,01,06,국어6-1 가~r~n제목 수록~r~n2단원 / 도시 소녀와 산골 소년의 사랑이야기다.
221,소똥 밟은 호랑이,박민호,01,01,03,국어 3-1 가~r~n일부 '01~r~n독서단원 / 호랑이가 등장하는 옛날 이야기를 모아놓은 책으로 호랑이를 통해 다양한 교훈을 들려준다.
222,속담 하나 이야기 하나,임덕연,01,01,06,국어 6-1 가 / 속담의 유래가 된 이야기를 찾거나 속담의 어원을 찾는 등 역사적인 사실 속에서 생겨난 역사적 속담 이야기이다.
223,손 큰 통 큰 김만덕,정하섭,09,01,01," / "
224,솔이의 추석 이야기,이억배,01,01,01," / "
225,송아지가 뚫어 준 울타리 구멍,손춘익,01,01,04,"국어4-2 가~r~n일부 수록~r~n4단원 / 9편의 각각 동화에는 재미있는 동물 모습의 유래와 자연의 이치, 이웃을 대하는 따뜻함이 담겨 있다."
226,쇠를 먹는 불가사리,임연기,03,01,02," / "
227,수상한 아파트,박현숙,01,04,05,"학년필독서 / 6학년 여름방학, 엄마 아빠와 떨어져 지내게 된 여진이가 혼자 사는 사람들을 위해 지은 고모네 아파트에 머물게 되면서 겪는 이야기이다."
228,수원화성과 정약용,이정범,09,04,06,학년필독서 / 조선 후기의 개혁과 실학을 대표했던 두 사람의 만남과 생애를 그리고 있다.
229,수일이와 수일이,김우경,01,01,05,국어5-1 가 ~r~n일부 수록 ~r~n2단원 /   학원에 가기 싫었던 수일이가 또 다른 수일이를 만들어 낸 뒤 벌어지는 이야기이다.
230,수탉이 알을 낳았대,윤영선,01,04,05,"학년필독서 / 맹독을 지닌 바실리스크가 맹독을 자유자재로 조절하게 되면서, 달빛초원을 구하는 이야기이다."
231,숨 쉬는 도시 꾸리찌바,안순혜,06,01,03,"국어활동3-2~r~n일부 수록~r~n8단원 / 주인공 환이는 도시계획가인 아빠를 따라 브라질의 생태도시인 꾸리찌바를 다녀온다. "
232,숭례문 할아버지,허순영,01,04,05,"학년필독서 / 말도 많고 탈도 많았던 숭례문이지만 많은 사람들의 노력과 소망으로 다시 돌아온 숭례문에 관한 이야기이다. "
233,숲 속 재봉사의 꽃잎드레스,최항랑,01,02,01," / "
234,"숲속 재봉사 ",최향량,01,01,01," / "
235,"스무 냥, 서른 냥",정명숙,03,01,02," / "
236,스스로,신수지,01,02,01," / "
237,시큰둥이 고양이,소피 블랙올,01,02,02," / "
238,시튼 동물기,어니스트 톰슨 시튼,02,02,03," / "
239,신기한 그림 족자,이영경,04,01,04,국어활동4-1~r~n전문 수록  5단원 /  조선시대에 신기한 도술을 익혀 착한 백성을 돕고 나쁜 벼슬아치를 혼내주던 전우치의 일화 중 그림족자 편을 담은 그림책이다.
240,신기한 독,홍영우,03,01,02," / "
241,신데렐라,"달리는곰셋 기획팀 ",02,01,02," / "
242,신발 신은 강아지,고상미,01,01,02," / "
243,신통방통 고려청자,한화주,01,01,05,국어5-1 나 ~r~n전문 수록 ~r~n9단원 /  박물관 견학이 지겨웠던 대찬이가 고려시대로 시간여행을 다녀온 후 청자에 깃든 정성과 그 아름다움을 깨닫는 이야기이다.
244,심청전,유은실,04,01,03,"국어3-1 나~r~n표지 수록~r~n9단원 / 청이는 시각장애인인 아버지의 눈을 고치기 위해 제물이 된다. 기적적으로 다시 살아난 청이는 임금의 눈에 띄고 왕비가 되어 아버지를 모시고 행복하게 산다. "
245,심청전,홍윤희,03,02,03," / "
246,아기 돼지 삼형제,김이경,02,03,01," / "
247,아낌없이 주는 나무,쉘 실버스타인,01,01,03,국어 3-2 / 한 소년에게 자신이 가진 모든 것을 내어 주는 나무의 이야기이다.
248,아낌없이 주는 나무,쉘 실버스타인,05,03,02," / "
249,아는 길도 물어 가는 안전 백과,이성률,06,01,04,"국어활동4-1~r~n일부 수록~r~n10단원 /  생활 속 위험 요소들과  예방법, 대처방법 등 안전을 지키기 위해 어린이가 스스로 알아야 할 담은 책이다."
250,아드님 진지 드세요,강민경,01,01,03,국어활동3-1~r~n일부 수록~r~n3단원 / 예의 없는 범수를 변화시키기 위해 가족들이 범수에게 존댓말을 쓴다. 범수는 기분이 좋았지만 곧 마음의 불편함을 느끼고 자신의 행동을 바로 잡는다.
251,아름다운 꼴찌,이철환,01,01,04,국어4-2 나~r~n일부 수록~r~n7단원 /  약한 몸으로 마라톤을 완주하려하는 아들을 응원하기 위해 묵묵히 마라톤 경주를 했던 아버지의 사랑을 그림책으로 엮었다.
252,아멜리아 에어하트,이사벨 산체스 베가라,09,03,01," / "
253,아무도 모를거야 내가 누군지,김향금,01,01,03,"국어3-2~r~n제목 수록~r~n7단원 / 주인공 건이는 시골에 사는 조부모님집에 한 달간 있게 된다. 조부모님 방안에는 다양한 탈이 있는데 건이가 탈들을 써보며 탈에 맞는 행동을 한다. "
254,"아빠 셋, 꽃다발 셋",국지승,01,02,01," / "
255,아빠가 아플 때,한라경,01,01,01," / "
256,아빠의 브이 사인,소마 고헤이,01,02,01," / "
257,아씨방 일곱동무,이영경,03,02,02," / "
258,아인슈타인 아저씨네 탐정 사무소,김대조,19,01,03,국어활동 3-2 / 아인슈타인 아저씨와 영롱이가 시계를 찾는 과정 속에서 자연과학의 기본 개념을 담은 이야기이다.
259,아주 무서운 날,탕무니우,05,01,01," / "
260,아주 바쁜 입,신순재,07,02,02," / "
261,아주 특별한 우리 형,고정욱,01,04,05," 추천도서 / 외아들인줄 알았던 종민이는 갑작스럽게 형 종식이의 존재를 알게 되면서 벌어지는 이야기이다. 종식이는 뇌성마비로 몸이 불편하지만 밝고 따뜻한 마음으로 마음에 장애가 있는 주변 사람들의 생각을 바꿔간다."
262,아파트에서 기린을 만난다면?,최종욱,30,04,06,"학년필독서 / 수의사만 알 수 있는 비밀스럽고도 흥미진진한 동물 이야기이다. "
263,아프리카의 오강가 슈바이처,채종임,09,01,02," / "
264,"아홉 살 마음 사전 ",박성우,01,01,02," / "
265,악어와 악어새,김미애,01,03,01," / "
266,안네의 일기,안네 프랑크,02,01,06,국어6-2 나~r~n일부 수록~r~n연극 단원 / 제2차 세계 대전 당시 독일군을 피해 숨어 살아야 했던 유대인 소녀 안네 프랑크의 일기다.
267,"안녕, 나는 경주야",이나영,18,04,05,"학년필독서 /  천년의 고도 경주 이야기를 알려주는 경주 가이드북, 그림과 사진으로 읽는 경주 여행정보 이야기이다."
268,"안녕, 나는 서울이야",이나영,18,04,05,학년필독서 /  조선 500년을 이어 지금의 대한민국까지 수도를 삼은 서울에 숨겨진 이야기를 들려주는 여행정보를 담고 있다.
269,안데르센 동화,한스 크리스찬 안데르센,02,02,03," / "
270,안중근,송재진,09,04,03,"학년필독서 / 일본에게 나라를 빼앗겼던 시기, 독립투사 안중근이 어떤 마음으로 이토히로부미를 저격했는지을 알려준다."
271,알고 보니 내 생활이 다 과학!,"김해보, 정원선",19,01,04,국어 4-1 나 / 우리가 살아가는 생활 속의 재미있고 신기한 과학의 원리를 담은 이야기이다.
272,알고싶어 드론,상상력놀이터,19,04,05,"학년필독서 /  촬영부터 배달, 응급 드론까지 다양한 영역에서 활용되는 드론에 대한 입문용 도서이다."
273,알과 씨앗,김동광,19,04,03,학년필독서 / 모든 생명의 근원인 알과 씨앗에 대해 배운다.
274,알라딘과 요술램프,앙투안 갈랑,02,03,01," / "
275,알리키 인성교육1 감정,알리키,01,01,03,"국어활동 3-2~r~n그림 '01~r~n6단원 / 인성교육의 가장 기본이 되는 감정을 파악하고 남을 배려하는 마음을 알려주는 책이다. "
276,알사탕,백희나,01,02,01," / "
277,"야옹이야, 나야?",허은미,01,02,01," / "
278,"얍, 감기야 덤벼라!",케이트 로언,07,02,01," / "
279,양순이네 떡집,김리리,01,02,03," / "
280,양파의 왕따일기,문선이,01,04,04,학년필독서 /  미희를 중심으로 한 ‘양파’ 의 민낯을 알게 된 잘못된 친구 관계를 깨닫고 용기를 가지게 된다는 이야기이다.
281,"어디 갔을까,쓰레기",이욱재,01,02,02," / "
282,어른이 되는 날,유다정,01,01,03,국어 3-2 나~r~n제목 '01~r~n7단원 / 게으른 금동이를 변화시키려 부모님은 어른이 되면 한양에 갈 수 있다고 이야기 한다. 이후 금동이는 개과천선을 하여 올바른 어른으로 성장한다.
283,어리석은 개,이솝,02,01,02," / "
284,어린왕자,생텍쥐페리,02,01,05,"국어5-1 가 ~r~n제목 수록 ~r~n독서 단원 /  장미와 다투고 지구별 여행을 온 어린왕자가 다양한 사람들과 뱀, 여우, 비행사를 만나며 삶의 비밀을 깨달아간다는 작품이다."
285,어린왕자,생텍쥐페리,02,03,01," / "
286,어린이를 위한 바보빅터,호아킴 데 포사다,01,04,06,"학년필독서 / 말을 더듬고 행동이 느려 바보라고 놀림 받는 빅터가 로라를 만나 스스로 천재임을 깨닫고 발전을 이루는 내용이다. "
287,어린이를 위한 햄릿,윌리엄 셰익스피어,02,04,05,학년필독서 /  아버지가 삼촌에게 독살 당한 후 왕위와 왕비까지 빼앗겼음을 안 덴마크의 왕자 햄릿의 갈등과 복수의 이야기이다.
288,어린이와 청소년을 위한 독도 백과사전,마술연필,18,01,06,국어6-1 가~r~n사진 수록~r~n3단원 / 질문을 통해 독도에 대한 정보를 다채롭고 흥미롭게 풀어낸 책이다.
289,어머니의 이슬털이,이순원,01,01,04,국어4-2 가~r~n일부 수록~r~n7단원 /  멀리 떨어진 학교에 다니는 아들이 안쓰러워 산길을 앞장서서 걸어가며 이슬을 털어주는 어머니의 사랑을 담은 그림책이다.
290,어슬렁어슬렁 동네 관찰기,이해정,01,02,02," / "
291,"언어 예절, 이것만은 알아 둬!",박현숙,01,01,03,국어 3-2 나~r~n제목 '01~r~n7단원 / 생활 속에서 바른 언어를 깨치기 위해 주인공 나미를 내세워 다양한 상황에서 어떤 말을 사용해야 하는지 알려준다.
292,언제나 칭찬,류호선,01,01,02," / "
293,엄마 찾아 삼만 리,에드몬드 데 아미치스,04,02,03," / "
294,엄마가 수놓은 길,재클린 우드슨,01,02,02," / "
295,엄마에게,서진선,11,02,02," / "
296,엉뚱한 꼬마 화가 김홍도,김경희,09,02,01," / "
297,여름이 반짝,김수빈,01,04,06," / 누군가에게는 둘도 없는 친구였으며, 누군가에게는 잠깐 같은 반 친구였던 유하의 죽음을 계기로, 아이들이 불가항력의 경계를 넘어 다시 만나고 제대로 작별하고 성장의 한 마디를 넘어가는 이야기이다."
298,여우와 두루미,엄혜숙,02,01,01," / "
299,여우의 화원,이병승,01,04,06,학년필독서 / 우리 모두가 꼭 지켜야 할 ‘약속’에 관한 이야기이다.
300,여자는 곤충을 좋아하면 안되나요?,크리스틴 에반스,06,02,02," / "
301,열두 띠 이야기,한진아,03,03,01," / "
302,열두 사람의 아주 특별한 동화,송재찬 외,01,01,06,"국어6-2 가~r~n일부 수록~r~n1단원 / 힘들고 어려운 일을 묵묵히 하고 있는 열두 사람을 소개하며 남을 위해 자신을 희생하는 사람이 있기에 사회가 움직이는 것을 보여준다. "
303,열두살에 부자가 된 키라,보도 섀퍼,01,04,05,학년필독서 /  빚이 많은 부모님을 보면서 부자를 꿈꿔온 키라는 '머니'에게 소원을 이룰 수 있는 방법을 배우게 되고 주변의 도움으로 결국 꿈을 이루게 된다.
304,열하일기,손주현,04,01,06,국어6-2 나~r~n일부 수록~r~n5단원 / 연암 박지원이 청나라에 다녀온 후에 작성한 견문록이다. 박지원의 실학사상을 볼 수 있다.
305,염소 두 마리,이솝,02,01,01," / "
306,오늘 내 기분은…,메리앤 코카-레플러,01,01,02," / "
307,오늘은 내가 선생님,이진용,01,02,02," / "
308,오늘은 칭찬받고 싶은 날,제니퍼k.만,01,02,02," / "
309,"오른발, 왼발",토미 드파올라,05,03,01," / "
310,오빠한테 질 수 없어,채인선,01,02,02," / "
311,오세암,정채봉,01,01,04,국어 4-2 가 / 다섯 살 어린 아이가 부처님이 되었다는 전설을 가진 암자 '오세암'을 비롯해 총 13편의 동화가 실려 있다.
312,오즈의 마법사,엘 프랭크 바,02,02,03," / "
313,오즈의 마법사,프랭크 바움,02,03,01," / "
314,오즈의 마법사,프랭크 바움,02,04,05,학년필독서 /  회오리 바람을 타고 오즈로 날아간 도로시가 친구들과 모험을 한 후 집으로 돌아오는 내용을 담고 있다.
315,오직 백성뿐인 정약용,김세실,09,03,01," / "
316,옥수수 왕 납시오!,이영주,25,01,04,국어 4-3 가~r~n제목 수록~r~n독서단원 /  그저 간식거리로만 생각했던 옥수수를 두고 ‘옥수수의 고향은 어디일까? 다른 나라 사람들은 옥수수를 어떻게 먹을까? 옥수수는 1년에 얼마만큼 재배될까?’ 등 옥수수로 다양한 이야기를 풀어본다.
317,온 세상 국기가 펄럭펄럭,서정훈,18,01,03,"국어3-1 나~r~n전문 수록~r~n7단원 / 국기에 담긴 많은 뜻에 대해 알려준다. "
318,온양이,선안나,01,04,04,"학년필독서~r~n2015개정~r~n6학년 1학기~r~n국어(나) /  만삭인 어머니와 어린 두 형제는 흥남부두에서 겨우 배를 얻어 타고 피란하게 된다. 그리고 그 배에서 동생이 태어난다는 내용이다. "
319,옹고집전,박철,04,01,04,국어 4-2 가~r~n제목 수록~r~n독서단원 /  심술이 고약한 옹고집의 성격을 고치기 위해 학대사가 도술을 부려 옹고집과 똑같은 사람을 만든다는 내용으로 결국 옹고집은 자신의 잘못을 뉘우친다.
320,왕가리 마타이,윤해윤,09,01,06,"국어6-1 나~r~n일부 수록~r~n8단원 / 나무들의 어머니라 불리는 케냐의 환경운동가 왕가리 마타이의 생애를 그린 책이다. "
321,요술 맷돌,김세실,03,01,01," / "
322,욕심쟁이 딸기 아저씨,김유경,01,01,02," / "
323,우렁이 각시,소중애,03,01,01," / "
324,우리 엄마 김광남전,양연주,01,04,05,학년필독서 /  이름 없이 누구의 엄마로 불리는 엄마의 소원은 자신의 이야기가 담긴 위인전 갖기. 책을 만들기 위해 엄마의 인생 이야기를 듣게 되는 이야기이다.
325,우리 엄마는 회사에 다녀요,박선미,01,01,03,국어3-1 나~r~n표지 '01~r~n7단원 / 회사로 바쁜 엄마를 이해하며 인형과 열심히 놀지만 별이는 마음 한켠으로는 외로움을 느낀다. 인형과 이야기를 하면서 별이는 엄마를 이해하게 되고 엄마도 별이의 마음을 이해하며 잘 지낸다.
326,우리 여자도 할 수 있어요,소피 구리옹,01,02,01," / "
327,우리 우리 설날은,임정진,01,02,01," / "
328,우리 조상들은 얼마나 책을 좋아했을까?,마술연필,09,01,04,"국어활동4-2~r~n일부 수록~r~n6단원 /  소문난 책벌레였던 9명의 조상들(세종대왕, 정약용, 허균, 김득신, 이덕무, 신사임당 등)의 일화를 소개한 책이다."
329,우리는 보통가족입니다,김응,01,02,02," / "
330,우리는 친구,앤서니 브라운,05,02,01," / "
331,우리들의 일그러진 영웅,이문열,01,04,06,"학년필독서 / 초등학교를 배경으로 독재, 권력의 형성과 붕괴의 모습을 풍자적으로 보여주는 책이다. "
332,운수 좋은 날,현진건,28,04,06,"학년필독서 / 가난한 인력거꾼 김첨지의 하루 동안의 일상을 그린 작품이다. "
333,운영전,조현설,01,04,06,학년필독서 / 안평대군의 궁녀 운영과 김진사의 허락되지 않는 운명적인 사랑 이야기이다.
334,원숭이 오누이,채인선,01,01,02," / "
335,위층은 밤마다 시끄러워,맥 바넷,01,02,01," / "
336,유관순,유은실,09,01,02," / "
337,유관순 이야기,장종현,09,04,06,학년필독서 / 독립운동가인 유관순의 인생을 그린 책이다.
338,윤동주,정지원,09,01,05,"국어5-1 가 ~r~n제목 수록 ~r~n독서 단원 /  절망의 시대, 부끄러움을 노래한 시인 윤동주가 걸었던 삶의 자취를 따라 그의 시를 감상할 수 있게 한 책이다."
339,으르렁 소아과,염혜원,01,02,01," / "
340,"으악, 도깨비다!",손정원,03,01,02," / "
341,은혜 갚은 두꺼비,한진아,03,01,01," / "
342,의병장 윤희순,정종숙,09,01,06,국어6-2 가~r~n일부 수록~r~n1단원 / 을미의병부터 정미의병까지 의병운동에 참여했던 우리나라 최초의 여성의병 지도자 윤희순의 일생을 그린 책이다.
343,의좋은 형제,이현주,03,01,02," / "
344,이가 아파서 치과에 가요,한규호,01,01,01," / "
345,이게 정말 나일까?,요시타케 신스케,05,02,02," / "
346,이럴땐 어떻게 말해요?,강승임,01,02,02," / "
347,이모의 꿈꾸는 집,정옥,01,01,06,국어6-2 가~r~n일부 수록~r~n1단원 / 모범생인 진진이가 특목고 진학을 위한 캠프 대신 엉뚱한 캠프에 초대되어 진정한 꿈을 찾아가는 과정을 그렸다.
348,이솝 이야기,이솝,02,01,01," / "
349,이야기할아버지의 이상한 밤,임혜령,01,01,03,국어3-2 나~r~n일부 수록~r~n8단원 / 이야기 할아버지가 경험한 일과 지은 시들을 아이들에게 알려준다.
350,이원수 선생님이 들려주는 김구,이원수,09,04,04,학년필독서 /  어린 시절에는 개구쟁이였지만 나라의 어려운 상황에 큰 지도자가 된 김구의 삶과 업적이 담긴 이야기이다.
351,이원수 선생님이 들려주는 해상왕 장보고,이원수,09,04,04,학년필독서 /  평범한 신분으로 어촌에서 태어났지만 꿈꾸던 당나라의 장수에 올랐던 장보고는 신라의 앞바다를 지킨 영웅이었음을 알려주는 책이다.
352,인어공주,안데르센,02,01,01," / "
353,일곱 빛깔 독도 이야기,황선미,18,04,05,"학년필독서 /  독도 주민인 할아버지를 둔  환이를 통해 독도의 역사와 아픔, 독도를 지키는 사람들, 독도의 아름다움을 알려준다."
354,일기 감추는 날,황선미,01,04,03,"학년필독서 / 동민이는 등교길에 같은 반 친구 경수가 울타리를 몰래 넘다가 고꾸라지는 장면을 목격한다. 그런데 누군가가 경수 얘기를 일기에 썼는지, 선생님한테 꾸중을 들은 경수는 그때부터 동민이를 의심하며 사사건건 트집을 잡기 시작한다. 그리고 계속해서 동민이에게 일기 쓰기 힘든 일이 생긴다."
355,"자동 물시계, 자격루",김명희,19,02,02," / "
356,자유가 뭐예요?,오스카 브르니피에,21,01,04,국어활동 4-2 / 자유가 무엇인지와  '자유' 역시 소중하며 존중해야 한다는 것을 알려주는 이야기이다.
357,자유나라 평등나라,오가와 히토시,01,04,06,학년필독서 / 벨과 쿠가 두 나라의 좋은 점을 살리고 나쁜 점을 개선하여 자유와 평등이 조화를 이루는 ‘꿈의 나라’로 나아가기 위한 작은 혁명을 계획하는 이야기이다.
358,자유와 평등을 사랑한 대통령 링컨,김영자,09,02,02," / "
359,자전거 도둑,박완서,28,04,06,"학년필독서 / 전기 용품 도매상의 직원인 수남이가 실수로 다른 사람의 차를 흠집낸다. 두려움에 도망쳐나오지만 수남이는 죄책감을 느낀다. "
360,작은 집 이야기,버지니아 리 버튼,05,01,02," / "
361,잘못 뽑은 반장,이은재,01,01,05,국어5-1 나 ~r~n일부 수록 ~r~n9단원 /  반에서 ‘해로운’으로 불리던 로운이는 반장이 되어 복수를 꿈꿨지만 다양한 사건을 통해 친구들과 가까워지고 아이들도 화합하게 된다.
362,잠자는 숲 속의 공주,샤를 페로,02,03,01," / "
363,장애인에게 희망을 준 감동의 인간 승리 헬렌 켈러,이상교,09,04,04,학년필독서 /  장애를 딛고 희망의 본보기가 된 헬렌 켈러의 일생을 보여준다.
364,장화 신은 고양이,샤를 페로,02,03,01," / "
365,재주 많은 오 형제,김향금,03,03,01," / "
366,재치와 우정으로 나라를 지킨 충신 오성과 한음,김희숙,09,01,03,국어3-1 나~r~n일부 수록~r~n8단원 / 조선시대 충신인 오성과 한음의 우정이야기다.
367,잭과 콩나무,김이경,02,03,01," / "
368,저승에 있는 곳간,서정오,01,01,05,국어  6-1 가 / 우리 조상의 지혜와 삶의 교훈을 담은 옛이야기이다.
369,전기가 우리집에 오기까지,엠마뉘엘 피게라스,01,02,01," / "
370,젊어지는 샘물,김양순,03,01,02," / "
371,젓가락 달인,유타루,01,01,04,"국어4-2 가~r~n일부 수록~r~n4단원 /  우봉이는 젓가락질 연습으로 할아버지와 가까워지면서 꾀보다는 연습이, 1등보다는 달인이 중요하다는 것을 깨닫게 된다."
372,정약용,김은미,09,02,03," / "
373,정약용의 편지,이원준,09,01,06,국어 6-1 나 / 정약용이 18년간의 외롭고 고달픈 유배 생활 속에서도 두 아들을 위해 보낸 편지를 읽기 쉽게 만들었다.
374,제인구달,이사벨 산체스 베가라,09,01,01," / "
375,조선왕실의 보물 의궤,유지현,11,01,06,국어6-1 나~r~n일부 수록~r~n6단원 / 조선왕실의 공식 행사보고서인 의궤를 통해 정조대왕의 일화를 알아본다.
376,조선의 의학을 우뚝 세운 허준,박상률,01,01,05,국어5-2 나 ~r~n일부 수록 ~r~n5단원 /  어려운 상황 속에서도 우리 땅의 약재료로 치료할 수 있는 방법을 연구하며 많은 생명을 살린 허준의 삶을 들려준다.
377,조지 할아버지의 6.25,이규희,01,04,04,학년필독서 /  재미교포 3세 영후는 6.25에 참전했던 조지 할아버지와 ‘리멤버7.27’행사에 참여한다. 거기서 당시 북한군인이었던 할아버지를 알게 되고 모두 같은 상처가 있음을 이해하게 되는 내용이다.
378,"존경합니다, 선생님",패트리샤 폴라코,01,01,05,국어 5-2 나 / 마음이 담긴 글쓰기를 통해 꿈에 한 발짝 더 가까워진 패트리샤와 깐깐한 켈러 선생님의 감동적인 이야기이다.
379,종이 봉지 공주,로버트 먼치,05,01,02," / "
380,주시경,이은정,09,02,03," / "
381,줄줄이 꿴 호랑이,한진아,03,03,01," / "
382,지각대장 존,존 버닝햄,05,03,01," / "
383,지구가 100명의 마을이라면,데이비드 j. 스미스,01,04,04,"학년필독서~r~n2014개정 ~r~n4학년 1학기 ~r~n국어활동(나) /  지구를 100명이 살고 있는  마을이라 상상하여 세계인이 겪고 있는 문제(인구, 자원, 연령, 노동, 언어, 종교)와 그 비율을 쉽게 이해하도록 한 그림책이다."
384,지구촌 아름다운 거래 탐구생활,한수정,15,01,06,"국어6-2 가~r~n일부 수록~r~n3단원 / 지구를 살리는 착한 소비인 공정무역을 알고 구체적인 사례를 소개하는 책이다. "
385,지붕이 들려주는 건축 이야기,남궁담,19,01,04,국어 4-1 가~r~n 일부 수록~r~n4단원 /  건물의 특징을 잘 나타내 주는 지붕을 중심으로 건축물을 살펴보며 지붕을 통해 세계 건축물들의 다양한 문화와 역사를 엿본다.
386,지우개 따먹기 법칙,유순희,01,04,04,학년필독서~r~n2014개정 ~r~n4학년 1학기~r~n국어(가) /  지저분하고 멍청하다는 평가를 받지만 지우개 따먹기 챔피언인 상보에게는 자신만의 법칙이 있으며 그것으로 친구를 이해하며 성장하는 이야기이다.
387,지켜라! 멸종 위기의 동식물,백은영,19,01,05,국어5-1 나 ~r~n일부 수록 ~r~n8단원 /  왈왈 탐정과 함께 위기에 처한 동식물의 소식을 추적하며  사라져가는 생명들의 이야기에 귀 기울이게 된다.
388,지킬 박사와 하이드,로버트 루이스 스티븐슨,02,04,06,"학년필독서 / 자비심이 많은 지킬박사는 선악을 분리할 수 있을 것이라는 생각에 분리를 시도하고 추악한 하이드로 변신하였다. 그리고 점차 악이 선을 이겨, 지킬박사로 되돌아갈 수 없게 된다. 마침내 하이드는 살인을 하고 체포되려는 순간 자살하여 모든 것을 유서로 고백한다."
389,지혜로운 아내,김성준,03,02,02," / "
390,진짜 대장 이순신,안선모,09,02,01," / "
391,진짜 투명 인간,레미쿠르종,01,01,03,"국어 3-2 가~r~n일부 수록~r~n4단원 / 에밀과 시각장애인 피아노 조율사 블링크의 우정이 담긴 이야기다. "
392,진짜가 된 가짜,"이경화, 유기훈",01,04,05,학년필독서 / 하루 만에 지어 쓴 일기로 상을 받게 된 주인공 나미의 복잡한 심리를 담은 이야기이다.
393,짜장 짬뽕 탕수육,김영주,01,04,03,학년필독서 / 짜장면 집 아들 종민이는 전학을 와서 친구들과 쉽게 어울리지 못한다. 종민이네 반에서는 편을 가르는 놀이가 있는데 종민이가 지혜를 발휘해 모두 친하게 지낸다.
394,찰리와 거대한 유리 엘리베이터,로알드 달,01,04,05,"학년필독서 /  찰리와 가족이 탄 유리 엘리베이터가 지구궤도 속으로 들어가자 미국 백악관은 이를 외계인으로 오해한다. 이후 진짜 외계인이 등장하는 등 흥미진진한 이야기가 펼쳐진다. "
395,책 먹는 여우,프란치스카 비어만,05,02,02," / "
396,책과 노니는집,이영서,01,04,06,학년필독서 / 부모를 잃은 장이는 책방 주인 집에 머물며 심부름을 하고 여러 사람을 만나면서 천주학에 대해 알아간다.
397,책상은 책상이다,페터 빅셀,01,04,06,학년필독서 / 기존의 언어 체계에 답답함을 느껴 모든 사물의 이름을 바꿔 부르다 결국 의사소통을 할 수 없게 된 노인의 이야기다.
398,책이 꼼지락꼼지락,감성범,01,01,01," / "
399,천재 과학자 장영실,이규희,09,01,06,국어6-1 나~r~n제목 수록~r~n연극 단원 / 눈부신 업적을 남긴 조선의 천재 과학자 장영실의 일생을 다룬 책이다.
400,초록 고양이,위기철,01,01,04,국어4-1 가~r~n일부 수록~r~n5단원 ~r~n /  장난기 많은 초록고양이가 꽃담이네 욕실에 나타난 이후 집안에서 벌어지는 세 가지의 이야기를 담고 있는 상상 동화이다.
401,초희의 글방 동무,장성자,09,01,04,국어활동4-2~r~n일부 수록~r~n6단원~r~n /  글공부에 대한 마음을 지켜 빼어나고 아름다운 한시를 많이 남긴 허난설헌의 어린 시절 이야기이다.
402,"총을 든 여성 독립운동가, 남자현",김재복,01,01,05,국어5-2 가 ~r~n일부 수록 ~r~n1단원 /  일본에 대항하기 위해 의병이 된 남편을 따라 마흔이 넘어 무장 독립운동에 참여한 남자현의 삶에 대한 이야기이다.
403,춤추는 생쥐,조동호,03,01,02," / "
404,춤추는 소매 바람을 따라 휘날리니(홍길동전),윤수열,04,01,05,국어5-1 가 ~r~n제목 수록 ~r~n독서 단원 /  서자출신으로 호부호형도 못하고 억울한 죽음을 당할 위기도 겪지만 신비한 도술로 탐관오리를 혼내고 가난한 백성을 위로하는 영웅이 된 홍길동 이야기이다.
405,치과 의사 드소토 선생님,윌리엄 스타이그,05,01,02," / "
406,칠판 앞에 나가기 싫어,"다니엘 포세트 ",01,04,03,학년필독서 / 소심한 마음을 극복하는 과정이 어떤 훈련이나 어른의 가르침을 통해서가 아니라 다른 사람을 도와 주고 싶은 마음에서 이루어진다는 감동적인 이야기이다.
407,커다란 귀가 싫어,김세실,01,02,01," / "
408,콩 세알 팥 세알,윤구병,01,02,02," / "
409,콩 한 알과 송아지,한해숙,03,01,01," / "
410,콩 한 쪽도 나누어요,고수산나,01,01,04,"국어4-1 나~r~n일부 수록~r~n7단원~r~n /  장기기증, 재능기부, 모금, 봉사활동 등 다양한 나눔의 방법과 중요한 이유, 그 예에 대한 일화를 담고 있어 유익한 책이다."
411,콩닥콩닥 짝 바꾸는 날,강정연,01,01,04,국어4-2 가~r~n일부 수록~r~n4단원~r~n /  마음에 드는 친구랑 짝을 하고 싶었지만 다른 사람의 마음도 중요하다는 것을 깨닫게 되는 이야기이다.
412,"콩이네 옆집이 수상하다! ",천효정,01,01,02," / "
413,콩쥐 팥쥐,김지수,03,01,01," / "
414,쿵! 소리로 깨우는 과학,안토니오 피셰티,19,04,04,학년필독서 /  소리가 도달하는 속도와 목소리의 높낮이가 다른 까닭 등 일상에 관계된 소리의 과학을 알려주는 책이다.
415,크록텔레 가족,파트리샤 베르비,01,01,02," / "
416,클로디아의 비밀,E. L. 코닉스버그,01,04,06,"학년필독서 / 가출한 남매, 클로디아와 제이미의 일주일간의 생활과 그 여정에서 일어난 일들을 담은 이야기이다."
417,"키다리 아저씨 ",진 웹스터,02,04,06,"학년필독서 / 고아인 제루샤 애벗이 한 후원자의 도움을 받아 대학에 진학한 후 꿋꿋하게 자신이 원하는 일과 사랑을 찾아가는 이야기다. "
418,태극기 다는 날,김용란,01,02,01," / "
419,토끼와 거북이,라퐁텐,01,01,01," / "
420,토끼와 자라,"김이경 ",03,01,01," / "
421,토끼와 호랑이,이현진,03,01,02," / "
422,토끼의 재판,홍성찬,04,01,03,국어3-2 나~r~n전문 수록~r~n9단원 / 구덩이에 빠진 호랑이를 나그네가 구해주지만 호랑이가 되려 나그네를 잡아먹으려 한다. 둘은 시시비비를 가리기 위해 동식물에게 재판을 부탁한다.
423,토끼의 현명한 재판,이광렬,03,01,01," / "
424,토머스 에디슨,캐런 월리스,09,03,02," / "
425,투발루에게 수영을 가르칠 걸 그랬어,유다정,01,01,04,국어4-2 나~r~n일부 수록~r~n7단원~r~n /  바닷물이 높아져 투발루 섬을 떠나게 된 주인공은 비행기에 오르기 전 섬과 같은 이름의 고양이를 잃어버리게 된다.
426,툴툴마녀는 글쓰기를 싫어해!,김정신,01,01,03,"국어3-2 나~r~n제목 '01~r~n7단원 / 잘난 체를 하던 툴툴마녀가 사고를 치고, 그 사고를 수습하기 위해서는 마법 고수에게 마법을 전수받아야 한다. 툴툴마녀는 마법 고수를 찾아가고, 마법 고수의 마음을 움직일 수 있는 글쓰기를 배우러 인간 아이들을 찾아가는 내용이다."
427,틀려도 괜찮아,마키타 신지,05,03,01," / "
428,파브르 식물 이야기1,장 앙리 파브르,19,01,05,국어 5-2 나 / 곤충학자 파브르가 들려주는 식물의 일생과 삶의 지혜에 관한 이야기이다.
429,파블로 피카소,베네딕트 르 로아러,09,02,02," / "
430,팥죽 할멈과 호랑이,김향이,03,01,02," / "
431,페인트,이희영,01,04,06,"학년필독서 / 국가 양육 공동체가 실현된 미래사회에서 청소년이 부모를 직접 면접 본 뒤 선택하는 이야기이다. "
432,푸른 사자 와니니,이현,01,04,05,학년필독서 / 초원에 사는 사자 와니니가 동물 친구들과 함께 어려움을 헤쳐가며 함께 성장하게 되는 이야기이다.
433,프리다 칼로,이사벨 산체스 베가라,09,03,02," / "
434,플랜더스의 개,위다,04,02,03," / "
435,피노키오,카를로 콜로디,02,01,02," / "
436,피터팬,제임스 매튜 배리,02,03,01," / "
437,피터팬,제임스 매튜배리 원작,02,04,04,국어4-2 가~r~n제목 수록~r~n4단원 /  잃어버린 그림자를 찾으러 온 피터팬을 만난 웬디 남매가 네버랜드에서 펼치는 모험 이야기를 담고 있다.
438,하루와 미요,임정자,01,01,03,국어활동3-1~r~n일부 수록~r~n9단원 / 겁이 많던 강아지 하루와 고양이 미요가 각자의 노력으로 용기를 찾고 희망을 갖는 이야기다.
439,학용품의 쉬는 시간,쓰치하시 다타시,01,02,02," / "
440,한글을 만든 빛나는 임금 세종대왕,노지영,09,01,01," / "
441,한지돌이,이종철,01,01,05,국어5-2 나~r~n일부 수록~r~n7단원 /  전통 종이인 한지가 만들어지는 과정과 이후의 다양한 쓰임을 소개한 그림책이다.
442,할머니 어디있게?,사사키 마키,01,02,01," / "
443,"할머니가 아프던 날 ",윤희정,01,02,02," / "
444,할머니의 용궁여행,권민조,01,02,02," / "
445,할머니의 트렉터,안셀모 로베다,01,02,01," / "
446,해골나라에 간 프리다와 디에고,파비안 네그린,09,02,02," / "
447,해님 달님,"김향이 ",03,01,02," / "
448,해와 달이 된 오누이,양혜원,04,01,03,국어3-2 나 ~r~n표지 수록~r~n9단원 / 호랑이가 어머니를 잡아먹고 어머니 행세를 하며 오누이까지 잡아먹으려고 한다. 오누이는 현명하게 일을 대처하고 하늘로 올라가 해와 달이 된다.
449,해와 바람,이솝,02,01,01," / "
450,"햄, 뭐라나 하는 쥐",이금이,01,04,06,"학년필독서 / 소통하지 못하는 어른들과 아이들이 서로를 이해하고, 화해하는 과정의 이야기이다."
451,행복한 비밀 하나 짹짹 콩콩이,성영란,01,01,03,국어 3-1 / 성미와 민철이의 행복한 비밀에 관한 이야기이다.
452,행복한 왕자,오스카 와일드,02,02,02," / "
453,행복한 청소부,모니카 페트,01,01,03,국어3-1 가~r~n제목 '01~r~n독서단원 / 스스로 배움을 찾고 자신이 즐거워 하는 일을 하는 청소부의 이야기다.
454,허생전,박지원,04,04,05,학년필독서 /  가난한 선비 허생은 빌린 1만 냥으로 도적들을 살리고도 부자에게 10배로 갚는다. 이는 조선의 약한 경제를 안타까워 하는 작가의 마음이 담겨있다.
455,헨젤과 그레텔,그림형제,02,03,01," / "
456,호랑이 배 속에 들어간 소금 장수와 기름 장수,김용택,03,01,02," / "
457,호랑이 형님,우현욱,03,01,01," / "
458,호랑이와 곶감,정해왕,03,01,01," / "
459,혹부리 영감,임정진,03,01,01," / "
460,황금사과,송희진,01,01,05,"국어6-1가 / 마을 중앙에 열린 황금사과 때문에 탐욕과 의심만 늘어갔던 사람들이 장벽을 세우고 분열되었다가 다시 그 벽을 허물게 되는 이야기이다.  "
461,황소와 도깨비,이상,01,03,02," / "
462,"효녀 심청 ",김지수,03,03,01," / "
463,훌륭한 예술가이며 현명한 어머니 신사임당,이현,09,03,01," / "
464,훨훨 간다,권정생,03,01,02," / "
465,흥부 놀부,홍영우,03,01,01," / "
466,흥부와 놀부,푸른숲 글방,03,02,03," / "
467,흥부전,김해등,01,01,03,국어 3-2 / 평생 밥 한 그릇 배불리 먹는 게 소원인 흥부와 가지면 가질수록 더 가지려고 하는 놀부의 이야기이다.
468,WHAT? 지구와 달,유영진,19,01,04,국어4-2 나~r~n일부 수록~r~n7단원 /  옛날부터 오늘날까지 지구와 달에 대해 사람들이 가졌던 생각과 궁금증에 대해 알려주는 책이다.
